component_id,settlement_id,component_type,source_event_id,amount_paise,direction
COMP_PAY_0001,SET_0001,PAYMENT,PAY_0001,242195,CREDIT
COMP_FEE_0001,SET_0001,GATEWAY_FEE,PAY_0001,4843,DEBIT
COMP_TAX_0001,SET_0001,TAX_ON_FEE,PAY_0001,871,DEBIT
COMP_PAY_0002,SET_0002,PAYMENT,PAY_0002,366272,CREDIT
COMP_FEE_0002,SET_0002,GATEWAY_FEE,PAY_0002,7325,DEBIT
COMP_TAX_0002,SET_0002,TAX_ON_FEE,PAY_0002,1318,DEBIT
COMP_PAY_0003,SET_0003,PAYMENT,PAY_0003,78944,CREDIT
COMP_FEE_0003,SET_0003,GATEWAY_FEE,PAY_0003,1578,DEBIT
COMP_TAX_0003,SET_0003,TAX_ON_FEE,PAY_0003,284,DEBIT
COMP_PAY_0004,SET_0004,PAYMENT,PAY_0004,154523,CREDIT
COMP_FEE_0004,SET_0004,GATEWAY_FEE,PAY_0004,3090,DEBIT
COMP_TAX_0004,SET_0004,TAX_ON_FEE,PAY_0004,556,DEBIT
COMP_PAY_0005,SET_0005,PAYMENT,PAY_0005,153541,CREDIT
COMP_FEE_0005,SET_0005,GATEWAY_FEE,PAY_0005,3070,DEBIT
COMP_TAX_0005,SET_0005,TAX_ON_FEE,PAY_0005,552,DEBIT
COMP_PAY_0006,SET_0006,PAYMENT,PAY_0006,440438,CREDIT
COMP_FEE_0006,SET_0006,GATEWAY_FEE,PAY_0006,8808,DEBIT
COMP_TAX_0006,SET_0006,TAX_ON_FEE,PAY_0006,1585,DEBIT
COMP_PAY_0007,SET_0007,PAYMENT,PAY_0007,108901,CREDIT
COMP_FEE_0007,SET_0007,GATEWAY_FEE,PAY_0007,2178,DEBIT
COMP_TAX_0007,SET_0007,TAX_ON_FEE,PAY_0007,392,DEBIT
COMP_PAY_0008,SET_0008,PAYMENT,PAY_0008,482774,CREDIT
COMP_FEE_0008,SET_0008,GATEWAY_FEE,PAY_0008,9655,DEBIT
COMP_TAX_0008,SET_0008,TAX_ON_FEE,PAY_0008,1737,DEBIT
COMP_PAY_0009,SET_0009,PAYMENT,PAY_0009,206979,CREDIT
COMP_FEE_0009,SET_0009,GATEWAY_FEE,PAY_0009,4139,DEBIT
COMP_TAX_0009,SET_0009,TAX_ON_FEE,PAY_0009,745,DEBIT
COMP_PAY_0010,SET_0010,PAYMENT,PAY_0010,71633,CREDIT
COMP_FEE_0010,SET_0010,GATEWAY_FEE,PAY_0010,1432,DEBIT
COMP_TAX_0010,SET_0010,TAX_ON_FEE,PAY_0010,257,DEBIT
COMP_PAY_0011,SET_0011,PAYMENT,PAY_0011,232054,CREDIT
COMP_FEE_0011,SET_0011,GATEWAY_FEE,PAY_0011,4641,DEBIT
COMP_TAX_0011,SET_0011,TAX_ON_FEE,PAY_0011,835,DEBIT
COMP_PAY_0012,SET_0012,PAYMENT,PAY_0012,111676,CREDIT
COMP_FEE_0012,SET_0012,GATEWAY_FEE,PAY_0012,2233,DEBIT
COMP_TAX_0012,SET_0012,TAX_ON_FEE,PAY_0012,401,DEBIT
COMP_PAY_0013,SET_0013,PAYMENT,PAY_0013,245710,CREDIT
COMP_FEE_0013,SET_0013,GATEWAY_FEE,PAY_0013,4914,DEBIT
COMP_TAX_0013,SET_0013,TAX_ON_FEE,PAY_0013,884,DEBIT
COMP_PAY_0014,SET_0014,PAYMENT,PAY_0014,116451,CREDIT
COMP_FEE_0014,SET_0014,GATEWAY_FEE,PAY_0014,2329,DEBIT
COMP_TAX_0014,SET_0014,TAX_ON_FEE,PAY_0014,419,DEBIT
COMP_PAY_0015,SET_0015,PAYMENT,PAY_0015,346050,CREDIT
COMP_FEE_0015,SET_0015,GATEWAY_FEE,PAY_0015,6921,DEBIT
COMP_TAX_0015,SET_0015,TAX_ON_FEE,PAY_0015,1245,DEBIT
COMP_PAY_0016,SET_0016,PAYMENT,PAY_0016,186336,CREDIT
COMP_FEE_0016,SET_0016,GATEWAY_FEE,PAY_0016,3726,DEBIT
COMP_TAX_0016,SET_0016,TAX_ON_FEE,PAY_0016,670,DEBIT
COMP_PAY_0017,SET_0017,PAYMENT,PAY_0017,454132,CREDIT
COMP_FEE_0017,SET_0017,GATEWAY_FEE,PAY_0017,9082,DEBIT
COMP_TAX_0017,SET_0017,TAX_ON_FEE,PAY_0017,1634,DEBIT
COMP_PAY_0018,SET_0018,PAYMENT,PAY_0018,432399,CREDIT
COMP_FEE_0018,SET_0018,GATEWAY_FEE,PAY_0018,8647,DEBIT
COMP_TAX_0018,SET_0018,TAX_ON_FEE,PAY_0018,1556,DEBIT
COMP_PAY_0019,SET_0019,PAYMENT,PAY_0019,379734,CREDIT
COMP_FEE_0019,SET_0019,GATEWAY_FEE,PAY_0019,7594,DEBIT
COMP_TAX_0019,SET_0019,TAX_ON_FEE,PAY_0019,1366,DEBIT
COMP_PAY_0020,SET_0020,PAYMENT,PAY_0020,465454,CREDIT
COMP_FEE_0020,SET_0020,GATEWAY_FEE,PAY_0020,9309,DEBIT
COMP_TAX_0020,SET_0020,TAX_ON_FEE,PAY_0020,1675,DEBIT
COMP_PAY_B0021_0,SET_BATCH_0021,PAYMENT,PAY_B0021_0,105748,CREDIT
COMP_FEE_B0021_0,SET_BATCH_0021,GATEWAY_FEE,PAY_B0021_0,2114,DEBIT
COMP_TAX_B0021_0,SET_BATCH_0021,TAX_ON_FEE,PAY_B0021_0,380,DEBIT
COMP_PAY_B0021_1,SET_BATCH_0021,PAYMENT,PAY_B0021_1,183033,CREDIT
COMP_FEE_B0021_1,SET_BATCH_0021,GATEWAY_FEE,PAY_B0021_1,3660,DEBIT
COMP_TAX_B0021_1,SET_BATCH_0021,TAX_ON_FEE,PAY_B0021_1,658,DEBIT
COMP_PAY_B0021_2,SET_BATCH_0021,PAYMENT,PAY_B0021_2,89330,CREDIT
COMP_FEE_B0021_2,SET_BATCH_0021,GATEWAY_FEE,PAY_B0021_2,1786,DEBIT
COMP_TAX_B0021_2,SET_BATCH_0021,TAX_ON_FEE,PAY_B0021_2,321,DEBIT
COMP_PAY_B0021_3,SET_BATCH_0021,PAYMENT,PAY_B0021_3,108881,CREDIT
COMP_FEE_B0021_3,SET_BATCH_0021,GATEWAY_FEE,PAY_B0021_3,2177,DEBIT
COMP_TAX_B0021_3,SET_BATCH_0021,TAX_ON_FEE,PAY_B0021_3,391,DEBIT
COMP_PAY_B0022_0,SET_BATCH_0022,PAYMENT,PAY_B0022_0,199289,CREDIT
COMP_FEE_B0022_0,SET_BATCH_0022,GATEWAY_FEE,PAY_B0022_0,3985,DEBIT
COMP_TAX_B0022_0,SET_BATCH_0022,TAX_ON_FEE,PAY_B0022_0,717,DEBIT
COMP_PAY_B0022_1,SET_BATCH_0022,PAYMENT,PAY_B0022_1,131319,CREDIT
COMP_FEE_B0022_1,SET_BATCH_0022,GATEWAY_FEE,PAY_B0022_1,2626,DEBIT
COMP_TAX_B0022_1,SET_BATCH_0022,TAX_ON_FEE,PAY_B0022_1,472,DEBIT
COMP_PAY_B0022_2,SET_BATCH_0022,PAYMENT,PAY_B0022_2,175053,CREDIT
COMP_FEE_B0022_2,SET_BATCH_0022,GATEWAY_FEE,PAY_B0022_2,3501,DEBIT
COMP_TAX_B0022_2,SET_BATCH_0022,TAX_ON_FEE,PAY_B0022_2,630,DEBIT
COMP_PAY_B0022_3,SET_BATCH_0022,PAYMENT,PAY_B0022_3,174955,CREDIT
COMP_FEE_B0022_3,SET_BATCH_0022,GATEWAY_FEE,PAY_B0022_3,3499,DEBIT
COMP_TAX_B0022_3,SET_BATCH_0022,TAX_ON_FEE,PAY_B0022_3,629,DEBIT
COMP_PAY_B0022_4,SET_BATCH_0022,PAYMENT,PAY_B0022_4,193202,CREDIT
COMP_FEE_B0022_4,SET_BATCH_0022,GATEWAY_FEE,PAY_B0022_4,3864,DEBIT
COMP_TAX_B0022_4,SET_BATCH_0022,TAX_ON_FEE,PAY_B0022_4,695,DEBIT
COMP_PAY_B0022_5,SET_BATCH_0022,PAYMENT,PAY_B0022_5,152556,CREDIT
COMP_FEE_B0022_5,SET_BATCH_0022,GATEWAY_FEE,PAY_B0022_5,3051,DEBIT
COMP_TAX_B0022_5,SET_BATCH_0022,TAX_ON_FEE,PAY_B0022_5,549,DEBIT
COMP_PAY_B0023_0,SET_BATCH_0023,PAYMENT,PAY_B0023_0,30186,CREDIT
COMP_FEE_B0023_0,SET_BATCH_0023,GATEWAY_FEE,PAY_B0023_0,603,DEBIT
COMP_TAX_B0023_0,SET_BATCH_0023,TAX_ON_FEE,PAY_B0023_0,108,DEBIT
COMP_PAY_B0023_1,SET_BATCH_0023,PAYMENT,PAY_B0023_1,190844,CREDIT
COMP_FEE_B0023_1,SET_BATCH_0023,GATEWAY_FEE,PAY_B0023_1,3816,DEBIT
COMP_TAX_B0023_1,SET_BATCH_0023,TAX_ON_FEE,PAY_B0023_1,686,DEBIT
COMP_PAY_B0023_2,SET_BATCH_0023,PAYMENT,PAY_B0023_2,58321,CREDIT
COMP_FEE_B0023_2,SET_BATCH_0023,GATEWAY_FEE,PAY_B0023_2,1166,DEBIT
COMP_TAX_B0023_2,SET_BATCH_0023,TAX_ON_FEE,PAY_B0023_2,209,DEBIT
COMP_PAY_B0024_0,SET_BATCH_0024,PAYMENT,PAY_B0024_0,34879,CREDIT
COMP_FEE_B0024_0,SET_BATCH_0024,GATEWAY_FEE,PAY_B0024_0,697,DEBIT
COMP_TAX_B0024_0,SET_BATCH_0024,TAX_ON_FEE,PAY_B0024_0,125,DEBIT
COMP_PAY_B0024_1,SET_BATCH_0024,PAYMENT,PAY_B0024_1,160084,CREDIT
COMP_FEE_B0024_1,SET_BATCH_0024,GATEWAY_FEE,PAY_B0024_1,3201,DEBIT
COMP_TAX_B0024_1,SET_BATCH_0024,TAX_ON_FEE,PAY_B0024_1,576,DEBIT
COMP_PAY_B0024_2,SET_BATCH_0024,PAYMENT,PAY_B0024_2,33849,CREDIT
COMP_FEE_B0024_2,SET_BATCH_0024,GATEWAY_FEE,PAY_B0024_2,676,DEBIT
COMP_TAX_B0024_2,SET_BATCH_0024,TAX_ON_FEE,PAY_B0024_2,121,DEBIT
COMP_PAY_B0025_0,SET_BATCH_0025,PAYMENT,PAY_B0025_0,188227,CREDIT
COMP_FEE_B0025_0,SET_BATCH_0025,GATEWAY_FEE,PAY_B0025_0,3764,DEBIT
COMP_TAX_B0025_0,SET_BATCH_0025,TAX_ON_FEE,PAY_B0025_0,677,DEBIT
COMP_PAY_B0025_1,SET_BATCH_0025,PAYMENT,PAY_B0025_1,47600,CREDIT
COMP_FEE_B0025_1,SET_BATCH_0025,GATEWAY_FEE,PAY_B0025_1,952,DEBIT
COMP_TAX_B0025_1,SET_BATCH_0025,TAX_ON_FEE,PAY_B0025_1,171,DEBIT
COMP_PAY_B0025_2,SET_BATCH_0025,PAYMENT,PAY_B0025_2,143070,CREDIT
COMP_FEE_B0025_2,SET_BATCH_0025,GATEWAY_FEE,PAY_B0025_2,2861,DEBIT
COMP_TAX_B0025_2,SET_BATCH_0025,TAX_ON_FEE,PAY_B0025_2,514,DEBIT
COMP_PAY_B0025_3,SET_BATCH_0025,PAYMENT,PAY_B0025_3,51904,CREDIT
COMP_FEE_B0025_3,SET_BATCH_0025,GATEWAY_FEE,PAY_B0025_3,1038,DEBIT
COMP_TAX_B0025_3,SET_BATCH_0025,TAX_ON_FEE,PAY_B0025_3,186,DEBIT
COMP_PAY_B0026_0,SET_BATCH_0026,PAYMENT,PAY_B0026_0,115011,CREDIT
COMP_FEE_B0026_0,SET_BATCH_0026,GATEWAY_FEE,PAY_B0026_0,2300,DEBIT
COMP_TAX_B0026_0,SET_BATCH_0026,TAX_ON_FEE,PAY_B0026_0,414,DEBIT
COMP_PAY_B0026_1,SET_BATCH_0026,PAYMENT,PAY_B0026_1,81539,CREDIT
COMP_FEE_B0026_1,SET_BATCH_0026,GATEWAY_FEE,PAY_B0026_1,1630,DEBIT
COMP_TAX_B0026_1,SET_BATCH_0026,TAX_ON_FEE,PAY_B0026_1,293,DEBIT
COMP_PAY_B0026_2,SET_BATCH_0026,PAYMENT,PAY_B0026_2,91054,CREDIT
COMP_FEE_B0026_2,SET_BATCH_0026,GATEWAY_FEE,PAY_B0026_2,1821,DEBIT
COMP_TAX_B0026_2,SET_BATCH_0026,TAX_ON_FEE,PAY_B0026_2,327,DEBIT
COMP_PAY_B0027_0,SET_BATCH_0027,PAYMENT,PAY_B0027_0,147330,CREDIT
COMP_FEE_B0027_0,SET_BATCH_0027,GATEWAY_FEE,PAY_B0027_0,2946,DEBIT
COMP_TAX_B0027_0,SET_BATCH_0027,TAX_ON_FEE,PAY_B0027_0,530,DEBIT
COMP_PAY_B0027_1,SET_BATCH_0027,PAYMENT,PAY_B0027_1,74189,CREDIT
COMP_FEE_B0027_1,SET_BATCH_0027,GATEWAY_FEE,PAY_B0027_1,1483,DEBIT
COMP_TAX_B0027_1,SET_BATCH_0027,TAX_ON_FEE,PAY_B0027_1,266,DEBIT
COMP_PAY_B0027_2,SET_BATCH_0027,PAYMENT,PAY_B0027_2,81124,CREDIT
COMP_FEE_B0027_2,SET_BATCH_0027,GATEWAY_FEE,PAY_B0027_2,1622,DEBIT
COMP_TAX_B0027_2,SET_BATCH_0027,TAX_ON_FEE,PAY_B0027_2,291,DEBIT
COMP_PAY_B0027_3,SET_BATCH_0027,PAYMENT,PAY_B0027_3,86354,CREDIT
COMP_FEE_B0027_3,SET_BATCH_0027,GATEWAY_FEE,PAY_B0027_3,1727,DEBIT
COMP_TAX_B0027_3,SET_BATCH_0027,TAX_ON_FEE,PAY_B0027_3,310,DEBIT
COMP_PAY_B0027_4,SET_BATCH_0027,PAYMENT,PAY_B0027_4,103470,CREDIT
COMP_FEE_B0027_4,SET_BATCH_0027,GATEWAY_FEE,PAY_B0027_4,2069,DEBIT
COMP_TAX_B0027_4,SET_BATCH_0027,TAX_ON_FEE,PAY_B0027_4,372,DEBIT
COMP_PAY_B0028_0,SET_BATCH_0028,PAYMENT,PAY_B0028_0,99039,CREDIT
COMP_FEE_B0028_0,SET_BATCH_0028,GATEWAY_FEE,PAY_B0028_0,1980,DEBIT
COMP_TAX_B0028_0,SET_BATCH_0028,TAX_ON_FEE,PAY_B0028_0,356,DEBIT
COMP_PAY_B0028_1,SET_BATCH_0028,PAYMENT,PAY_B0028_1,31378,CREDIT
COMP_FEE_B0028_1,SET_BATCH_0028,GATEWAY_FEE,PAY_B0028_1,627,DEBIT
COMP_TAX_B0028_1,SET_BATCH_0028,TAX_ON_FEE,PAY_B0028_1,112,DEBIT
COMP_PAY_B0028_2,SET_BATCH_0028,PAYMENT,PAY_B0028_2,45922,CREDIT
COMP_FEE_B0028_2,SET_BATCH_0028,GATEWAY_FEE,PAY_B0028_2,918,DEBIT
COMP_TAX_B0028_2,SET_BATCH_0028,TAX_ON_FEE,PAY_B0028_2,165,DEBIT
COMP_PAY_B0028_3,SET_BATCH_0028,PAYMENT,PAY_B0028_3,87809,CREDIT
COMP_FEE_B0028_3,SET_BATCH_0028,GATEWAY_FEE,PAY_B0028_3,1756,DEBIT
COMP_TAX_B0028_3,SET_BATCH_0028,TAX_ON_FEE,PAY_B0028_3,316,DEBIT
COMP_PAY_B0028_4,SET_BATCH_0028,PAYMENT,PAY_B0028_4,31668,CREDIT
COMP_FEE_B0028_4,SET_BATCH_0028,GATEWAY_FEE,PAY_B0028_4,633,DEBIT
COMP_TAX_B0028_4,SET_BATCH_0028,TAX_ON_FEE,PAY_B0028_4,113,DEBIT
COMP_PAY_B0029_0,SET_BATCH_0029,PAYMENT,PAY_B0029_0,87813,CREDIT
COMP_FEE_B0029_0,SET_BATCH_0029,GATEWAY_FEE,PAY_B0029_0,1756,DEBIT
COMP_TAX_B0029_0,SET_BATCH_0029,TAX_ON_FEE,PAY_B0029_0,316,DEBIT
COMP_PAY_B0029_1,SET_BATCH_0029,PAYMENT,PAY_B0029_1,160808,CREDIT
COMP_FEE_B0029_1,SET_BATCH_0029,GATEWAY_FEE,PAY_B0029_1,3216,DEBIT
COMP_TAX_B0029_1,SET_BATCH_0029,TAX_ON_FEE,PAY_B0029_1,578,DEBIT
COMP_PAY_B0029_2,SET_BATCH_0029,PAYMENT,PAY_B0029_2,157020,CREDIT
COMP_FEE_B0029_2,SET_BATCH_0029,GATEWAY_FEE,PAY_B0029_2,3140,DEBIT
COMP_TAX_B0029_2,SET_BATCH_0029,TAX_ON_FEE,PAY_B0029_2,565,DEBIT
COMP_PAY_B0029_3,SET_BATCH_0029,PAYMENT,PAY_B0029_3,53623,CREDIT
COMP_FEE_B0029_3,SET_BATCH_0029,GATEWAY_FEE,PAY_B0029_3,1072,DEBIT
COMP_TAX_B0029_3,SET_BATCH_0029,TAX_ON_FEE,PAY_B0029_3,192,DEBIT
COMP_PAY_B0029_4,SET_BATCH_0029,PAYMENT,PAY_B0029_4,134434,CREDIT
COMP_FEE_B0029_4,SET_BATCH_0029,GATEWAY_FEE,PAY_B0029_4,2688,DEBIT
COMP_TAX_B0029_4,SET_BATCH_0029,TAX_ON_FEE,PAY_B0029_4,483,DEBIT
COMP_PAY_B0029_5,SET_BATCH_0029,PAYMENT,PAY_B0029_5,67977,CREDIT
COMP_FEE_B0029_5,SET_BATCH_0029,GATEWAY_FEE,PAY_B0029_5,1359,DEBIT
COMP_TAX_B0029_5,SET_BATCH_0029,TAX_ON_FEE,PAY_B0029_5,244,DEBIT
COMP_PAY_B0030_0,SET_BATCH_0030,PAYMENT,PAY_B0030_0,141916,CREDIT
COMP_FEE_B0030_0,SET_BATCH_0030,GATEWAY_FEE,PAY_B0030_0,2838,DEBIT
COMP_TAX_B0030_0,SET_BATCH_0030,TAX_ON_FEE,PAY_B0030_0,510,DEBIT
COMP_PAY_B0030_1,SET_BATCH_0030,PAYMENT,PAY_B0030_1,163074,CREDIT
COMP_FEE_B0030_1,SET_BATCH_0030,GATEWAY_FEE,PAY_B0030_1,3261,DEBIT
COMP_TAX_B0030_1,SET_BATCH_0030,TAX_ON_FEE,PAY_B0030_1,586,DEBIT
COMP_PAY_B0030_2,SET_BATCH_0030,PAYMENT,PAY_B0030_2,196388,CREDIT
COMP_FEE_B0030_2,SET_BATCH_0030,GATEWAY_FEE,PAY_B0030_2,3927,DEBIT
COMP_TAX_B0030_2,SET_BATCH_0030,TAX_ON_FEE,PAY_B0030_2,706,DEBIT
COMP_PAY_T0031,SET_T0031,PAYMENT,PAY_T0031,48666,CREDIT
COMP_FEE_T0031,SET_T0031,GATEWAY_FEE,PAY_T0031,973,DEBIT
COMP_TAX_T0031,SET_T0031,TAX_ON_FEE,PAY_T0031,175,DEBIT
COMP_PAY_T0032,SET_T0032,PAYMENT,PAY_T0032,334570,CREDIT
COMP_FEE_T0032,SET_T0032,GATEWAY_FEE,PAY_T0032,6691,DEBIT
COMP_TAX_T0032,SET_T0032,TAX_ON_FEE,PAY_T0032,1204,DEBIT
COMP_PAY_T0033,SET_T0033,PAYMENT,PAY_T0033,92195,CREDIT
COMP_FEE_T0033,SET_T0033,GATEWAY_FEE,PAY_T0033,1843,DEBIT
COMP_TAX_T0033,SET_T0033,TAX_ON_FEE,PAY_T0033,331,DEBIT
COMP_PAY_T0034,SET_T0034,PAYMENT,PAY_T0034,49970,CREDIT
COMP_FEE_T0034,SET_T0034,GATEWAY_FEE,PAY_T0034,999,DEBIT
COMP_TAX_T0034,SET_T0034,TAX_ON_FEE,PAY_T0034,179,DEBIT
COMP_PAY_T0035,SET_T0035,PAYMENT,PAY_T0035,44351,CREDIT
COMP_FEE_T0035,SET_T0035,GATEWAY_FEE,PAY_T0035,887,DEBIT
COMP_TAX_T0035,SET_T0035,TAX_ON_FEE,PAY_T0035,159,DEBIT
COMP_PAY_T0036,SET_T0036,PAYMENT,PAY_T0036,303230,CREDIT
COMP_FEE_T0036,SET_T0036,GATEWAY_FEE,PAY_T0036,6064,DEBIT
COMP_TAX_T0036,SET_T0036,TAX_ON_FEE,PAY_T0036,1091,DEBIT
COMP_PAY_T0037,SET_T0037,PAYMENT,PAY_T0037,273507,CREDIT
COMP_FEE_T0037,SET_T0037,GATEWAY_FEE,PAY_T0037,5470,DEBIT
COMP_TAX_T0037,SET_T0037,TAX_ON_FEE,PAY_T0037,984,DEBIT
COMP_PAY_H0038,SET_H0038,PAYMENT,PAY_H0038,228193,CREDIT
COMP_FEE_H0038,SET_H0038,GATEWAY_FEE,PAY_H0038,4563,DEBIT
COMP_TAX_H0038,SET_H0038,TAX_ON_FEE,PAY_H0038,821,DEBIT
COMP_PAY_H0039,SET_H0039,PAYMENT,PAY_H0039,70874,CREDIT
COMP_FEE_H0039,SET_H0039,GATEWAY_FEE,PAY_H0039,1417,DEBIT
COMP_TAX_H0039,SET_H0039,TAX_ON_FEE,PAY_H0039,255,DEBIT
COMP_PAY_H0040,SET_H0040,PAYMENT,PAY_H0040,61546,CREDIT
COMP_FEE_H0040,SET_H0040,GATEWAY_FEE,PAY_H0040,1230,DEBIT
COMP_TAX_H0040,SET_H0040,TAX_ON_FEE,PAY_H0040,221,DEBIT
COMP_PAY_H0041,SET_H0041,PAYMENT,PAY_H0041,102609,CREDIT
COMP_FEE_H0041,SET_H0041,GATEWAY_FEE,PAY_H0041,2052,DEBIT
COMP_TAX_H0041,SET_H0041,TAX_ON_FEE,PAY_H0041,369,DEBIT
COMP_PAY_R0042,SET_R0042,PAYMENT,PAY_R0042,366199,CREDIT
COMP_FEE_R0042,SET_R0042,GATEWAY_FEE,PAY_R0042,7323,DEBIT
COMP_TAX_R0042,SET_R0042,TAX_ON_FEE,PAY_R0042,1318,DEBIT
COMP_REF_R0042,SET_R0042,REFUND,PAY_R0042,366199,DEBIT
COMP_PAY_R0043,SET_R0043,PAYMENT,PAY_R0043,301920,CREDIT
COMP_FEE_R0043,SET_R0043,GATEWAY_FEE,PAY_R0043,6038,DEBIT
COMP_TAX_R0043,SET_R0043,TAX_ON_FEE,PAY_R0043,1086,DEBIT
COMP_REF_R0043,SET_R0043,REFUND,PAY_R0043,92551,DEBIT
COMP_PAY_R0044,SET_R0044,PAYMENT,PAY_R0044,121073,CREDIT
COMP_FEE_R0044,SET_R0044,GATEWAY_FEE,PAY_R0044,2421,DEBIT
COMP_TAX_R0044,SET_R0044,TAX_ON_FEE,PAY_R0044,435,DEBIT
COMP_REF_R0044,SET_R0044,REFUND,PAY_R0044,121073,DEBIT
COMP_PAY_R0045,SET_R0045,PAYMENT,PAY_R0045,196113,CREDIT
COMP_FEE_R0045,SET_R0045,GATEWAY_FEE,PAY_R0045,3922,DEBIT
COMP_TAX_R0045,SET_R0045,TAX_ON_FEE,PAY_R0045,705,DEBIT
COMP_REF_R0045,SET_R0045,REFUND,PAY_R0045,196113,DEBIT
COMP_PAY_R0046,SET_R0046,PAYMENT,PAY_R0046,193603,CREDIT
COMP_FEE_R0046,SET_R0046,GATEWAY_FEE,PAY_R0046,3872,DEBIT
COMP_TAX_R0046,SET_R0046,TAX_ON_FEE,PAY_R0046,696,DEBIT
COMP_REF_R0046,SET_R0046,REFUND,PAY_R0046,193603,DEBIT
COMP_PAY_R0047,SET_R0047,PAYMENT,PAY_R0047,301645,CREDIT
COMP_FEE_R0047,SET_R0047,GATEWAY_FEE,PAY_R0047,6032,DEBIT
COMP_TAX_R0047,SET_R0047,TAX_ON_FEE,PAY_R0047,1085,DEBIT
COMP_REF_R0047,SET_R0047,REFUND,PAY_R0047,301645,DEBIT
COMP_PAY_CB0048,SET_CB0048,PAYMENT,PAY_CB0048,320717,CREDIT
COMP_FEE_CB0048,SET_CB0048,GATEWAY_FEE,PAY_CB0048,6414,DEBIT
COMP_TAX_CB0048,SET_CB0048,TAX_ON_FEE,PAY_CB0048,1154,DEBIT
COMP_CB_CB0048,SET_CB0048,CHARGEBACK,PAY_CB0048,269294,DEBIT
COMP_CBR_CB0048,SET_CB0048,CHARGEBACK_REVERSAL,PAY_CB0048,269294,CREDIT
COMP_PAY_CB0049,SET_CB0049,PAYMENT,PAY_CB0049,108411,CREDIT
COMP_FEE_CB0049,SET_CB0049,GATEWAY_FEE,PAY_CB0049,2168,DEBIT
COMP_TAX_CB0049,SET_CB0049,TAX_ON_FEE,PAY_CB0049,390,DEBIT
COMP_CB_CB0049,SET_CB0049,CHARGEBACK,PAY_CB0049,81588,DEBIT
COMP_PAY_CB0050,SET_CB0050,PAYMENT,PAY_CB0050,345225,CREDIT
COMP_FEE_CB0050,SET_CB0050,GATEWAY_FEE,PAY_CB0050,6904,DEBIT
COMP_TAX_CB0050,SET_CB0050,TAX_ON_FEE,PAY_CB0050,1242,DEBIT
COMP_CB_CB0050,SET_CB0050,CHARGEBACK,PAY_CB0050,291907,DEBIT
COMP_CBR_CB0050,SET_CB0050,CHARGEBACK_REVERSAL,PAY_CB0050,291907,CREDIT
COMP_PAY_CB0051,SET_CB0051,PAYMENT,PAY_CB0051,347928,CREDIT
COMP_FEE_CB0051,SET_CB0051,GATEWAY_FEE,PAY_CB0051,6958,DEBIT
COMP_TAX_CB0051,SET_CB0051,TAX_ON_FEE,PAY_CB0051,1252,DEBIT
COMP_CB_CB0051,SET_CB0051,CHARGEBACK,PAY_CB0051,181339,DEBIT
COMP_CBR_CB0051,SET_CB0051,CHARGEBACK_REVERSAL,PAY_CB0051,181339,CREDIT
COMP_PAY_SP0052,SET_SP0052,PAYMENT,PAY_SP0052,521766,CREDIT
COMP_FEE_SP0052,SET_SP0052,GATEWAY_FEE,PAY_SP0052,10435,DEBIT
COMP_TAX_SP0052,SET_SP0052,TAX_ON_FEE,PAY_SP0052,1878,DEBIT
COMP_RES_SP0052,SET_SP0052,RESERVE_HOLD,PAY_SP0052,26890,DEBIT
COMP_PAY_SP0053,SET_SP0053,PAYMENT,PAY_SP0053,723996,CREDIT
COMP_FEE_SP0053,SET_SP0053,GATEWAY_FEE,PAY_SP0053,14479,DEBIT
COMP_TAX_SP0053,SET_SP0053,TAX_ON_FEE,PAY_SP0053,2606,DEBIT
COMP_RES_SP0053,SET_SP0053,RESERVE_HOLD,PAY_SP0053,23273,DEBIT
COMP_PAY_SP0054,SET_SP0054,PAYMENT,PAY_SP0054,598709,CREDIT
COMP_FEE_SP0054,SET_SP0054,GATEWAY_FEE,PAY_SP0054,11974,DEBIT
COMP_TAX_SP0054,SET_SP0054,TAX_ON_FEE,PAY_SP0054,2155,DEBIT
COMP_RES_SP0054,SET_SP0054,RESERVE_HOLD,PAY_SP0054,60420,DEBIT
COMP_PAY_SP0055,SET_SP0055,PAYMENT,PAY_SP0055,474201,CREDIT
COMP_FEE_SP0055,SET_SP0055,GATEWAY_FEE,PAY_SP0055,9484,DEBIT
COMP_TAX_SP0055,SET_SP0055,TAX_ON_FEE,PAY_SP0055,1707,DEBIT
COMP_RES_SP0055,SET_SP0055,RESERVE_HOLD,PAY_SP0055,14290,DEBIT
COMP_PAY_FV0056,SET_FV0056,PAYMENT,PAY_FV0056,468327,CREDIT
COMP_FEE_FV0056,SET_FV0056,GATEWAY_FEE,PAY_FV0056,10156,DEBIT
COMP_TAX_FV0056,SET_FV0056,TAX_ON_FEE,PAY_FV0056,1828,DEBIT
COMP_PAY_FV0057,SET_FV0057,PAYMENT,PAY_FV0057,112528,CREDIT
COMP_FEE_FV0057,SET_FV0057,GATEWAY_FEE,PAY_FV0057,2754,DEBIT
COMP_TAX_FV0057,SET_FV0057,TAX_ON_FEE,PAY_FV0057,495,DEBIT
COMP_PAY_FV0058,SET_FV0058,PAYMENT,PAY_FV0058,207949,CREDIT
COMP_FEE_FV0058,SET_FV0058,GATEWAY_FEE,PAY_FV0058,4779,DEBIT
COMP_TAX_FV0058,SET_FV0058,TAX_ON_FEE,PAY_FV0058,860,DEBIT
COMP_PAY_FV0059,SET_FV0059,PAYMENT,PAY_FV0059,143346,CREDIT
COMP_FEE_FV0059,SET_FV0059,GATEWAY_FEE,PAY_FV0059,4403,DEBIT
COMP_TAX_FV0059,SET_FV0059,TAX_ON_FEE,PAY_FV0059,792,DEBIT
COMP_PAY_MN0060,SET_MN0060,PAYMENT,PAY_MN0060,135219,CREDIT
COMP_FEE_MN0060,SET_MN0060,GATEWAY_FEE,PAY_MN0060,2704,DEBIT
COMP_TAX_MN0060,SET_MN0060,TAX_ON_FEE,PAY_MN0060,486,DEBIT
COMP_PAY_MN0061,SET_MN0061,PAYMENT,PAY_MN0061,219534,CREDIT
COMP_FEE_MN0061,SET_MN0061,GATEWAY_FEE,PAY_MN0061,4390,DEBIT
COMP_TAX_MN0061,SET_MN0061,TAX_ON_FEE,PAY_MN0061,790,DEBIT
COMP_PAY_MN0062,SET_MN0062,PAYMENT,PAY_MN0062,125349,CREDIT
COMP_FEE_MN0062,SET_MN0062,GATEWAY_FEE,PAY_MN0062,2506,DEBIT
COMP_TAX_MN0062,SET_MN0062,TAX_ON_FEE,PAY_MN0062,451,DEBIT
COMP_PAY_MN0063,SET_MN0063,PAYMENT,PAY_MN0063,253693,CREDIT
COMP_FEE_MN0063,SET_MN0063,GATEWAY_FEE,PAY_MN0063,5073,DEBIT
COMP_TAX_MN0063,SET_MN0063,TAX_ON_FEE,PAY_MN0063,913,DEBIT
COMP_PAY_MN0064,SET_MN0064,PAYMENT,PAY_MN0064,228549,CREDIT
COMP_FEE_MN0064,SET_MN0064,GATEWAY_FEE,PAY_MN0064,4570,DEBIT
COMP_TAX_MN0064,SET_MN0064,TAX_ON_FEE,PAY_MN0064,822,DEBIT
COMP_PAY_MS0069,SET_MS0069,PAYMENT,PAY_MS0069,350602,CREDIT
COMP_FEE_MS0069,SET_MS0069,GATEWAY_FEE,PAY_MS0069,7012,DEBIT
COMP_TAX_MS0069,SET_MS0069,TAX_ON_FEE,PAY_MS0069,1262,DEBIT
COMP_PAY_MS0070,SET_MS0070,PAYMENT,PAY_MS0070,394430,CREDIT
COMP_FEE_MS0070,SET_MS0070,GATEWAY_FEE,PAY_MS0070,7888,DEBIT
COMP_TAX_MS0070,SET_MS0070,TAX_ON_FEE,PAY_MS0070,1419,DEBIT
COMP_PAY_MS0071,SET_MS0071,PAYMENT,PAY_MS0071,333605,CREDIT
COMP_FEE_MS0071,SET_MS0071,GATEWAY_FEE,PAY_MS0071,6672,DEBIT
COMP_TAX_MS0071,SET_MS0071,TAX_ON_FEE,PAY_MS0071,1200,DEBIT
COMP_PAY_MS0072,SET_MS0072,PAYMENT,PAY_MS0072,227453,CREDIT
COMP_FEE_MS0072,SET_MS0072,GATEWAY_FEE,PAY_MS0072,4549,DEBIT
COMP_TAX_MS0072,SET_MS0072,TAX_ON_FEE,PAY_MS0072,818,DEBIT
COMP_PAY_AMB0073_A,SET_AMB_0073_A,PAYMENT,PAY_AMB_0073_A,189753,CREDIT
COMP_FEE_AMB0073_A,SET_AMB_0073_A,GATEWAY_FEE,PAY_AMB_0073_A,3795,DEBIT
COMP_TAX_AMB0073_A,SET_AMB_0073_A,TAX_ON_FEE,PAY_AMB_0073_A,683,DEBIT
COMP_PAY_AMB0073_B,SET_AMB_0073_B,PAYMENT,PAY_AMB_0073_B,189753,CREDIT
COMP_FEE_AMB0073_B,SET_AMB_0073_B,GATEWAY_FEE,PAY_AMB_0073_B,3795,DEBIT
COMP_TAX_AMB0073_B,SET_AMB_0073_B,TAX_ON_FEE,PAY_AMB_0073_B,683,DEBIT
COMP_PAY_AMB0074_A,SET_AMB_0074_A,PAYMENT,PAY_AMB_0074_A,220769,CREDIT
COMP_FEE_AMB0074_A,SET_AMB_0074_A,GATEWAY_FEE,PAY_AMB_0074_A,4415,DEBIT
COMP_TAX_AMB0074_A,SET_AMB_0074_A,TAX_ON_FEE,PAY_AMB_0074_A,794,DEBIT
COMP_PAY_AMB0074_B,SET_AMB_0074_B,PAYMENT,PAY_AMB_0074_B,220769,CREDIT
COMP_FEE_AMB0074_B,SET_AMB_0074_B,GATEWAY_FEE,PAY_AMB_0074_B,4415,DEBIT
COMP_TAX_AMB0074_B,SET_AMB_0074_B,TAX_ON_FEE,PAY_AMB_0074_B,794,DEBIT
COMP_PAY_AMB0075_A,SET_AMB_0075_A,PAYMENT,PAY_AMB_0075_A,172401,CREDIT
COMP_FEE_AMB0075_A,SET_AMB_0075_A,GATEWAY_FEE,PAY_AMB_0075_A,3448,DEBIT
COMP_TAX_AMB0075_A,SET_AMB_0075_A,TAX_ON_FEE,PAY_AMB_0075_A,620,DEBIT
COMP_PAY_AMB0075_B,SET_AMB_0075_B,PAYMENT,PAY_AMB_0075_B,172401,CREDIT
COMP_FEE_AMB0075_B,SET_AMB_0075_B,GATEWAY_FEE,PAY_AMB_0075_B,3448,DEBIT
COMP_TAX_AMB0075_B,SET_AMB_0075_B,TAX_ON_FEE,PAY_AMB_0075_B,620,DEBIT
